1A0F	S11A
1BA3	H461D
1BA3	H489D
1BA3	H489K
1BA3	H489M
1BFM	M35W
1BFM	M35Y
1BNL	D1647A
2HBB	D23A
2HBB	D23N
2HBB	D8N
2HBB	E100A
2HBB	E100G
2HBB	E17Q
2HBB	E38Q
2HBB	E48Q
2HBB	E54Q
2HBB	H106Q
2HBB	H134Q
2HBB	H144Q
2HBB	I115A
2HBB	I121A
2HBB	I4A
2HBB	I4V
2HBB	I79A
2HBB	I93A
2HBB	I98A
2HBB	K10M
2HBB	K14M
2HBB	K15M
2HBB	K7M
2HBB	K96A
2HBB	K96G
2HBB	L102A
2HBB	L108A
2HBB	L110A
2HBB	L117A
2HBB	L133A
2HBB	L141A
2HBB	L30A
2HBB	L30V
2HBB	L6A
2HBB	L6I
2HBB	L6V
2HBB	L72A
2HBB	M1A
2HBB	M1G
2HBB	V129A
2HBB	V131A
2HBB	V137A
2HBB	V143A
2HBB	V145A
2HBB	V21A
2HBB	V21I
2HBB	V21L
2HBB	V3A
2HBB	V3I
2HBB	V3L
3S4M	L198C
3S4M	L200C
3S4M	L203C
3S4M	S181F
1FRD	H43R
1FT8	I264V
1FT8	L212V
1FT8	L238I
1FT8	L267I
1FT8	L293I
1FT8	L293V
1FT8	L315A
1FT8	L317I
1FT8	L348I
1FT8	L349I
1FT8	M216L
1FT8	S339A
1FT8	V287A
1FXA	E95D
1FXA	E95K
1FXA	E95Q
1FXA	E96K
1FXA	F66A
1FXA	F66I
1FXA	F66W
1FXA	F66Y
1FXA	R43A
1FXA	R43H
1FXA	T49A
1G3P	A165K
1G3P	D178A
1G3P	D178C
1G3P	D178E
1G3P	D178F
1G3P	D178G
1G3P	D178H
1G3P	D178I
1G3P	D178K
1G3P	D178L
1G3P	D178M
1G3P	D178N
1G3P	D178P
1G3P	D178Q
1G3P	D178R
1G3P	D178S
1G3P	D178T
1G3P	D178V
1G3P	D178W
1G3P	D178Y
1G3P	F154V
1G3P	N156G
1G3P	N157K
1G3P	N157V
1G3P	Q155N
1G3P	Q163N
1G3P	R162V
1GUA	A118G
1GUA	A118L
1GUA	A85G
1GUA	A97G
1GUA	C81A
1GUA	C81I
1GUA	C95A
1GUA	C96A
1GUA	C96L
1GUA	C96M
1GUA	D117A
1GUA	D129A
1GUA	D80A
1GUA	E104A
1GUA	E124A
1GUA	E125A
1GUA	I58A
1GUA	I58F
1GUA	I58L
1GUA	K109A
1GUA	L112A
1GUA	L121A
1GUA	L126A
1GUA	L62A
1GUA	L78A
1GUA	L82A
1GUA	L82I
1GUA	L82V
1GUA	L86A
1GUA	L91A
1GUA	M76A
1GUA	N56M
1GUA	N64A
1GUA	P63A
1GUA	P93A
1GUA	Q66A
1GUA	R100A
1GUA	R59A
1GUA	R89L
1GUA	S77A
1GUA	S77T
1GUA	T68A
1GUA	V128A
1GUA	V60A
1GUA	V69A
1GUA	V70A
1GUA	V72A
1GUA	V72I
1GUA	V98A
1H0X	P18A
1H0X	P62A
1IOJ	G41A
1ITM	C48T
1ITM	C27T
1ITM	W115S
1IV7	A73C
1IV7	F89C
1IV7	L62C
1IV9	S76Y
1J8I	K46A
1J8I	K87A
1J8I	R44A
1J8I	R56A
1J8I	R64A
1J8I	R30A
1JL9	A995C
1JLV	E64D
1JLV	E64N
1JLV	E64Q
1L6H	F66A
1L6H	Y72A
1L6H	Y75A
1LVM	E2143G
1LVM	K2082F
1LVM	L2093V
1LVM	Q2095F
1LVM	S2172G
1N88	F21A
1N88	I39A
1N88	I80A
1N88	I89A
1N88	I8V
1N88	L13A
1N88	L57A
1N88	V12A
1N88	V30A
1N88	V43A
1N88	V49A
1N88	V51A
1N88	V54A
1N88	V81A
1N88	V83A
1N88	Y18A
1N88	Y26A
1NM1	D188N
1NM1	D188Y
1O6X	A46G
1O6X	A65G
1O6X	D53A
1O6X	E29A
1O6X	E35G
1O6X	F54L
1O6X	F80A
1O6X	H66A
1O6X	I30V
1O6X	I38V
1O6X	I86V
1O6X	I90A
1O6X	K56A
1O6X	L41V
1O6X	N73A
1O6X	Q75G
1O6X	V27A
1O6X	V67A
1O6X	V79G
1O6X	Y88L
1R2Y	R243E
1XXN	N209R
1XXN	N60D
1XXN	N82E
1XXN	S50E
1XXN	S55E
2ARF	H1069Q
2C9Q	Y103F
2C9Q	Y103W
2H3F	E12A
2HBB	A22G
2HBB	A26G
2HBB	A36G
2HBB	A39G
2HBB	A42G
2HBB	A46G
2HBB	A49G
2HBB	D23A
2HBB	D23N
2HBB	D8A
2HBB	D8N
2HBB	E17A
2HBB	E17Q
2HBB	E38A
2HBB	E38Q
2HBB	E48Q
2HBB	F31A
2HBB	F5L
2HBB	G24A
2HBB	G34A
2HBB	I18A
2HBB	I18V
2HBB	I37A
2HBB	I37V
2HBB	I4V
2HBB	K10E
2HBB	K10M
2HBB	K12A
2HBB	K12G
2HBB	K12M
2HBB	K14A
2HBB	K14G
2HBB	K14M
2HBB	K15G
2HBB	K15M
2HBB	K7M
2HBB	L30A
2HBB	L35A
2HBB	L44A
2HBB	L47A
2HBB	L6A
2HBB	M1A
2HBB	T40S
2HBB	V21A
2HBB	V3A
2HBB	V9A
2LTB	L558P
2LTB	L569R
2LTB	M619K
2LTB	R533Q
2LTB	R555Q
2LTB	R555W
2M5S	D302A
2M5S	H305A
2N7Z	P521A
2NTE	I738V
2NTE	R658C
2PTL	A45G
2PTL	A50P
2PTL	A50V
2PTL	A57G
2PTL	A57V
2PTL	A66G
2PTL	A70G
2PTL	A72G
2PTL	A74G
2PTL	A89G
2PTL	D75A
2PTL	D75G
2PTL	D87A
2PTL	E58A
2PTL	E69G
2PTL	E69I
2PTL	E83A
2PTL	F49A
2PTL	F49L
2PTL	F59A
2PTL	F59L
2PTL	F63G
2PTL	F63L
2PTL	F99L
2PTL	F99V
2PTL	G52A
2PTL	G52V
2PTL	G61A
2PTL	G82A
2PTL	G92A
2PTL	I43A
2PTL	I43V
2PTL	I48A
2PTL	I48V
2PTL	I97A
2PTL	I97V
2PTL	K44A
2PTL	K60A
2PTL	K65G
2PTL	K78A
2PTL	K79A
2PTL	K91A
2PTL	K98A
2PTL	L47A
2PTL	L77A
2PTL	L95A
2PTL	N46A
2PTL	N51A
2PTL	N81A
2PTL	N96A
2PTL	S53A
2PTL	S68A
2PTL	S68G
2PTL	T42A
2PTL	T54A
2PTL	T56A
2PTL	T62A
2PTL	T67A
2PTL	T76G
2PTL	T85A
2PTL	T94A
2PTL	V41A
2PTL	V86A
2PTL	V88A
2PTL	Y71A
2PTL	Y73A
2PTL	Y93A
2PTL	Y93L
2WQG	D14A
2WQG	D37A
2WQG	D38A
2WQG	D38N
2WQG	E39Q
2WQG	E40G
2WQG	I35A
2WQG	I35V
2WQG	K13A
2WQG	K13G
2WQG	K18A
2WQG	K27A
2WQG	L12A
2WQG	L15A
2WQG	L7A
2WQG	Q11A
2WQG	Q11G
2WQG	Q32A
2WQG	R33A
2WQG	S22A
2WQG	S5A
2WQG	S5G
2WQG	T8S
2WQG	V9A
2WQG	V9G
2WQG	V10A
2WQG	V10G
2WQG	V23A
2WQG	Y4F
2ZTA	E259Q
2ZTA	E268Q
2ZTA	E270Q
2ZTA	K263A
2ZTA	K275A
2ZTA	K276A
2ZTA	K256A
2ZTA	R273A
3BN0	I20V
3C2I	D156E
3C2I	F155S
3C2I	L100V
3C2I	P152R
3C2I	R106Q
3C2I	R106W
3C2I	R111G
3C2I	R133C
3C2I	R133H
3C2I	S134C
3C2I	T158A
3C2I	T158M
3D3B	D118A
3D3B	D118E
3D3B	D118K
3D3B	D118N
3D3B	D118R
3DV0	A131G
3DV0	A139G
3DV0	A165G
3DV0	A168G
3DV0	D145A
3DV0	D145N
3DV0	D162N
3DV0	D164A
3DV0	D164G
3DV0	D164N
3DV0	E141A
3DV0	E141Q
3DV0	I146A
3DV0	I146V
3DV0	I163V
3DV0	L159A
3DV0	L159G
3DV0	L159V
3DV0	L167A
3DV0	L167V
3DV0	V135A
3DV0	V144A
3DV0	V149A
3DV0	V149G
3DV0	V158A
3DV0	Y138F
3L15	Y442H
3MON	R39G
3MON	W3C
3S4M	D122Y
3S4M	G130V
3S4M	I154F
3S4M	W155R
4BUQ	Y146A
4BUQ	Y57A
4HE7	A19D
4HE7	A19G
4HE7	A19K
5JXB	D332G
5JXB	D332P
5OAQ	Y429H
